{"cameraMode":{"drawMode":0,"name":"Shaded","section":"Shading Mode"},"sceneLighting":false,"audioPlay":false,"sceneViewState":{"showFog":false,"showMaterialUpdate":false,"showSkybox":false,"showFlares":false,"showImageEffects":false,"showParticleSystems":false},"in2DMode":false,"pivot":{"x":1.052079200744629,"y":0.622246265411377,"z":1.4432976245880128},"rotation":{"x":-0.13207347691059113,"y":0.8170076012611389,"z":-0.2066950649023056,"w":-0.5219131112098694},"size":0.5196152329444885,"orthographic":false}