{"cameraMode":{"drawMode":0,"name":"Shaded","section":"Shading Mode"},"sceneLighting":true,"audioPlay":false,"sceneViewState":{"showFog":true,"showMaterialUpdate":false,"showSkybox":true,"showFlares":true,"showImageEffects":true,"showParticleSystems":true},"in2DMode":false,"pivot":{"x":4.337890625,"y":-0.1689453125,"z":4.124327659606934},"rotation":{"x":0.5165829062461853,"y":-0.48269152641296389,"z":0.5187590718269348,"w":0.4806664288043976},"size":5.763279438018799,"orthographic":true}