{"cameraMode":{"drawMode":0,"name":"Shaded","section":"Shading Mode"},"sceneLighting":true,"audioPlay":false,"sceneViewState":{"showFog":false,"showMaterialUpdate":false,"showSkybox":false,"showFlares":false,"showImageEffects":false,"showParticleSystems":false},"in2DMode":false,"pivot":{"x":2.6256070137023927,"y":2.615814447402954,"z":2.61981201171875},"rotation":{"x":-0.33598971366882326,"y":0.6389409899711609,"z":-0.36524850130081179,"w":-0.5877600908279419},"size":0.9425415396690369,"orthographic":false}